Add to cart;-;
Address;-;
All orders;-;
Birth Date;-;
Buy;-;
Cancel order;-;
Canceled;-;
Cell phone;-;
Change password;-;
Chat with us;-;
City;-;
Completed;-;
Confirm order;-;
Customer information;-;
Email;-;
Enter the code sent to your email.;-;
Extended Description;-;
Fixed price;-;
Full name;-;
How can I help you today ?;-;
Login;-;
Logout;-;
Lost your password?;-;
My Account;-;
My name is:;-;
New password;-;
Next;-;
Old password;-;
Order;-;
Order Created;-;
Order date;-;
Orders;-;
Organisation name;-;
Overview;-;
Password;-;
Payment failed;-;
Phone;-;
Place order;-;
Please enter your email address:;-;
Please following theese steps to recover your password.;-;
Please select a shipment method.;-;
Postal code;-;
Previous;-;
Price;-;
Proceed to checkout;-;
Products;-;
Recover password;-;
Register;-;
Related products;-;
Remove;-;
Repeat password;-;
Search for a product;-;
Send me a code;-;
Send message;-;
Set new password;-;
Shipment information;-;
Shipping;-;
Shopping cart;-;
Taxes;-;
This page is only available for adminsitrators;-;
This page is only available for editors.;-;
This page is only available for registered users.;-;
Title;-;
Update;-;
Username / Email;-;
Waiting for payment;-;
You are here:;-;
You do not have any orders.;-;
You do not have any products in your cart;-;
Your address;-;
Your personal information;-;
in stock;-;
